Workbook

Sheet Coutry_type
A1: ISO2 | B1: Name | C1: geotechnical | D1: meteorological | E1: hydrological | F1: Climatological (other) | G1: climatological (heatwaves)
A2: =+Country_year!A2 -> AL | B2: Albania | C2: 1603.799 | D2: 11.625 | E2: 482.035 | F2: 83.882 | G2: 0
A3: AT | B3: Austria | C3: 76.17 | D3: 4197.481 | E3: 12159.282 | F3: 1704.8 | G3: 1695.84
A4: BA | B4: Bosnia and Herzegovina | C4: 64.243 | D4: 0.795 | E4: 2742.128 | F4: 20.604 | G4: 2577.011
A5: BE | B5: Belgium | C5: 146.826 | D5: 5885.755 | E5: 12231.528 | F5: 0 | G5: 286.902
A6: BG | B6: Bulgaria | C6: 94.36 | D6: 743.766 | E6: 5458.379 | F6: 89.38 | G6: 0.175
A7: CH | B7: Switzerland | C7: 1679.248 | D7: 9675.414 | E7: 12621.037 | F7: 9.804 | G7: 442.835
A8: CY | B8: Cyprus | C8: 23.306 | D8: 43.737 | E8: 0 | F8: 6.277 | G8: 409
A9: CZ | B9: Czechia | C9: 41.128 | D9: 2881.442 | E9: 17633.829 | F9: 391.229 | G9: 804.312
A10: DE | B10: Germany | C10: 47.784 | D10: 79709.787 | E10: 80029.496 | F10: 5295.108 | G10: 21873.317
A11: DK | B11: Denmark | C11: 0 | D11: 6161.771 | E11: 2059.435 | F11: 0 | G11: 1125.694
A12: EE | B12: Estonia | C12: 0 | D12: 331.338 | E12: 0.982 | F12: 0 | G12: 19.769
A13: EL | B13: Greece | C13: 10884.081 | D13: 3712.905 | E13: 6592.035 | F13: 5248.258 | G13: 2758.299
A14: ES | B14: Spain | C14: 2724.961 | D14: 18730.092 | E14: 55196.143 | F14: 15182.122 | G14: 30468.79
... A39: XK | B39: Kosovo* | C39: 0.857 | D39: 1.024 | E39: 22.574 | F39: 0 | G39: 0

Sheet Country_year
A1: ISO2 | B1: Name | C1: 1980 | D1: 1981 | E1: 1982 | F1: 1983 | G1: 1984 | H1: 1985 | I1: 1986 | J1: 1987 | K1: 1988 | L1: 1989 | M1: 1990 | N1: 1991 | O1: 1992 | P1: 1993 | Q1: 1994 | R1: 1995 | S1: 1996 | T1: 1997 | U1: 1998 | V1: 1999 | W1: 2000 | X1: 2001 | Y1: 2002 | Z1: 2003 | AA1: 2004 | AB1: 2005 | AC1: 2006 | AD1: 2007 | AE1: 2008 | AF1: 2009 | AG1: 2010 | AH1: 2011 | AI1: 2012 | AJ1: 2013 | AK1: 2014 | AL1: 2015 | AM1: 2016 | AN1: 2017 | AO1: 2018 | AP1: 2019 | AQ1: 2020 | AR1: 2021 | AS1: 2022 | AT1: 2023 | AU1: 2024
A2: AL | B2: Albania | C2: 0 | D2: 26.988 | E2: 21.205 | F2: 0 | G2: 0.11 | H2: 0 | I2: 0.083 | J2: 0 | K2: 4.99 | L2: 83.882 | M2: 0 | N2: 0 | O2: 42.556 | P2: 0 | Q2: 0 | R2: 21.559 | S2: 1.025 | T2: 1.238 | U2: 1.163 | V2: 0 | W2: 0 | X2: 0 | Y2: 50.05 | Z2: 0 | AA2: 0.23 | AB2: 13.422 | AC2: 0.763 | AD2: 0.703 | AE2: 0 | AF2: 8.573 | AG2: 153.955 | AH2: 0 | AI2: 0 | AJ2: 0 | AK2: 5.156 | AL2: 0 | AM2: 16.111 | AN2: 78.715 | AO2: 0 | AP2: 1567.576 | AQ2: 0 | AR2: 79.472 | AS2: 1.2 | AT2: 0 | AU2: 0.616
A3: AT | B3: Austria | C3: 0 | D3: 0.212 | E3: 1.849 | F3: 1.742 | G3: 0 | H3: 0 | I3: 0 | J3: 446.17 | K3: 0 | L3: 0.31 | M3: 551.879 | N3: 197.074 | O3: 0.142 | P3: 1.627 | Q3: 3.149 | R3: 5.826 | S3: 6.749 | T3: 331.556 | U3: 0 | V3: 201.249 | W3: 308.939 | X3: 1.045 | Y3: 4486.759 | Z3: 414.77 | AA3: 0.661 | AB3: 938.872 | AC3: 736.244 | AD3: 457.635 | AE3: 625.14 | AF3: 701.027 | AG3: 1699.357 | AH3: 0 | AI3: 26.932 | AJ3: 1182.718 | AK3: 0 | AL3: 0 | AM3: 30.056 | AN3: 1245.868 | AO3: 815.351 | AP3: 630.065 | AQ3: 248.38 | AR3: 868.154 | AS3: 219.994 | AT3: 414.565 | AU3: 2031.507
A4: BA | B4: Bosnia and Herzegovina | C4: 0 | D4: 16.035 | E4: 0 | F4: 0 | G4: 7.946 | H4: 0 | I4: 0 | J4: 0 | K4: 0.215 | L4: 11.249 | M4: 5.211 | N4: 0 | O4: 0 | P4: 0 | Q4: 0 | R4: 0 | S4: 0 | T4: 0 | U4: 0 | V4: 0 | W4: 387.459 | X4: 0 | Y4: 0 | Z4: 442.598 | AA4: 24.39 | AB4: 0 | AC4: 0 | AD4: 0 | AE4: 0 | AF4: 0.114 | AG4: 487.856 | AH4: 0.071 | AI4: 1531.569 | AJ4: 2.078 | AK4: 1733.95 | AL4: 215.385 | AM4: 0 | AN4: 0 | AO4: 0 | AP4: 22.109 | AQ4: 15.842 | AR4: 0.528 | AS4: 32.052 | AT4: 10.596 | AU4: 457.528
A5: BE | B5: Belgium | C5: 0 | D5: 0 | E5: 0 | F5: 146.826 | G5: 0 | H5: 0 | I5: 0 | J5: 0 | K5: 0 | L5: 0 | M5: 1510.549 | N5: 0 | O5: 0 | P5: 22.76 | Q5: 30.844 | R5: 133.153 | S5: 4.206 | T5: 0 | U5: 15.374 | V5: 84.74 | W5: 0.987 | X5: 1.028 | Y5: 8.09 | Z5: 0.768 | AA5: 0.709 | AB5: 77.764 | AC5: 0 | AD5: 502.586 | AE5: 42.385 | AF5: 0 | AG5: 605.672 | AH5: 98.242 | AI5: 0 | AJ5: 0.249 | AK5: 783.258 | AL5: 38.908 | AM5: 318.733 | AN5: 31.56 | AO5: 256.712 | AP5: 296.038 | AQ5: 616.864 | AR5: 11653.026 | AS5: 945.751 | AT5: 121.135 | AU5: 202.094
A6: BG | B6: Bulgaria | C6: 0 | D6: 0 | E6: 0 | F6: 0 | G6: 0 | H6: 0 | I6: 62.017 | J6: 0 | K6: 0 | L6: 0 | M6: 2.024 | N6: 644.312 | O6: 0 | P6: 0 | Q6: 0 | R6: 0 | S6: 27.452 | T6: 2.789 | U6: 2.906 | V6: 10.05 | W6: 64.077 | X6: 0 | Y6: 3.099 | Z6: 5.016 | AA6: 1.265 | AB6: 2588.069 | AC6: 1.235 | AD6: 4.015 | AE6: 0 | AF6: 0.106 | AG6: 0 | AH6: 0 | AI6: 24.535 | AJ6: 6.572 | AK6: 1421.449 | AL6: 1293.769 | AM6: 0 | AN6: 142.59 | AO6: 0 | AP6: 0 | AQ6: 6.839 | AR6: 2.221 | AS6: 42.471 | AT6: 24.802 | AU6: 2.38
A7: HR | B7: Croatia | C7: 0 | D7: 0 | E7: 0.158 | F7: 0 | G7: 0 | H7: 0 | I7: 0 | J7: 0 | K7: 0 | L7: 0 | M7: 0 | N7: 0 | O7: 0 | P7: 0 | Q7: 0 | R7: 0.127 | S7: 19.454 | T7: 0 | U7: 18 | V7: 0 | W7: 566.56 | X7: 0 | Y7: 5.347 | Z7: 917.82 | AA7: 29.804 | AB7: 8.44 | AC7: 0.708 | AD7: 0 | AE7: 0 | AF7: 0 | AG7: 779.669 | AH7: 0 | AI7: 205.353 | AJ7: 10.477 | AK7: 809.422 | AL7: 211.868 | AM7: 4.47 | AN7: 190.887 | AO7: 361.229 | AP7: 0 | AQ7: 1338.151 | AR7: 0 | AS7: 382.809 | AT7: 159.959 | AU7: 18.902
A8: CY | B8: Cyprus | C8: 0 | D8: 0 | E8: 0 | F8: 0 | G8: 0.191 | H8: 0 | I8: 0 | J8: 0 | K8: 25.195 | L8: 0 | M8: 0 | N8: 0 | O8: 0 | P8: 0 | Q8: 0 | R8: 12.078 | S8: 10.805 | T8: 0 | U8: 0 | V8: 0.232 | W8: 0 | X8: 0 | Y8: 0 | Z8: 13.36 | AA8: 0 | AB8: 0 | AC8: 0 | AD8: 0 | AE8: 191.149 | AF8: 3.034 | AG8: 0 | AH8: 0 | AI8: 0 | AJ8: 0 | AK8: 0 | AL8: 0 | AM8: 217.851 | AN8: 0 | AO8: 0 | AP8: 0 | AQ8: 0 | AR8: 5.813 | AS8: 0 | AT8: 0.773 | AU8: 1.839
A9: CZ | B9: Czechia | C9: 0 | D9: 899.67 | E9: 0 | F9: 0 | G9: 0 | H9: 19.126 | I9: 0 | J9: 97.746 | K9: 15.604 | L9: 0 | M9: 0 | N9: 0 | O9: 11.023 | P9: 0 | Q9: 0 | R9: 0 | S9: 95.681 | T9: 5792.022 | U9: 136.997 | V9: 0 | W9: 1034.187 | X9: 54.712 | Y9: 5424.139 | Z9: 0 | AA9: 0 | AB9: 0 | AC9: 679.114 | AD9: 278.985 | AE9: 53.379 | AF9: 535.729 | AG9: 873.047 | AH9: 0 | AI9: 51.196 | AJ9: 1111.898 | AK9: 18.667 | AL9: 0 | AM9: 69.725 | AN9: 744.533 | AO9: 158.794 | AP9: 0 | AQ9: 183.148 | AR9: 686.894 | AS9: 79.34 | AT9: 21.595 | AU9: 2624.989
A10: DK | B10: Denmark | C10: 0 | D10: 849.529 | E10: 0 | F10: 0 | G10: 0 | H10: 0 | I10: 0 | J10: 0 | K10: 0 | L10: 0 | M10: 314.456 | N10: 0.311 | O10: 1125.694 | P10: 10.177 | Q10: 0 | R10: 5.308 | S10: 0 | T10: 0 | U10: 0 | V10: 4257.724 | W10: 97.927 | X10: 0 | Y10: 0 | Z10: 0 | AA10: 0.611 | AB10: 6.062 | AC10: 66.885 | AD10: 106.563 | AE10: 0 | AF10: 0 | AG10: 119.337 | AH10: 922.615 | AI10: 0 | AJ10: 1046.345 | AK10: 91.144 | AL10: 0 | AM10: 0 | AN10: 0 | AO10: 91.119 | AP10: 0 | AQ10: 61.83 | AR10: 0 | AS10: 4.473 | AT10: 168.79 | AU10: 0
A11: EE | B11: Estonia | C11: 0 | D11: 0 | E11: 0 | F11: 0 | G11: 0 | H11: 0 | I11: 0 | J11: 0 | K11: 0 | L11: 0 | M11: 0 | N11: 0 | O11: 0 | P11: 0 | Q11: 0 | R11: 0 | S11: 0 | T11: 0 | U11: 0 | V11: 0 | W11: 16.231 | X11: 0 | Y11: 0 | Z11: 20.751 | AA11: 0 | AB11: 251.522 | AC11: 0 | AD11: 0 | AE11: 0 | AF11: 0 | AG11: 59.635 | AH11: 0 | AI11: 0 | AJ11: 0 | AK11: 0 | AL11: 0 | AM11: 0 | AN11: 0 | AO11: 0 | AP11: 0 | AQ11: 0 | AR11: 0 | AS11: 0 | AT11: 3.95 | AU11: 0
A12: FI | B12: Finland | C12: 0 | D12: 0 | E12: 0 | F12: 0 | G12: 371.621 | H12: 0 | I12: 0 | J12: 1362.486 | K12: 0.532 | L12: 0 | M12: 7.293 | N12: 0 | O12: 0 | P12: 0 | Q12: 0 | R12: 0 | S12: 0 | T12: 0 | U12: 0 | V12: 0 | W12: 0 | X12: 22.485 | Y12: 0 | Z12: 0 | AA12: 2.308 | AB12: 156.495 | AC12: 0.64 | AD12: 30.903 | AE12: 0 | AF12: 0 | AG12: 153.864 | AH12: 158.127 | AI12: 7.612 | AJ12: 0 | AK12: 0 | AL12: 0 | AM12: 0 | AN12: 0 | AO12: 0 | AP12: 0 | AQ12: 98.231 | AR12: 49.845 | AS12: 0 | AT12: 0 | AU12: 0
... A39: XK | B39: Kosovo* | C39: 0 | D39: 0 | E39: 0 | F39: 0 | G39: 0 | H39: 0 | I39: 0 | J39: 0 | K39: 0 | L39: 0 | M39: 0 | N39: 0 | O39: 0 | P39: 0 | Q39: 0 | R39: 0 | S39: 0 | T39: 0 | U39: 0 | V39: 0 | W39: 0 | X39: 0 | Y39: 2.886 | Z39: 0 | AA39: 0 | AB39: 0 | AC39: 0 | AD39: 0 | AE39: 0 | AF39: 0 | AG39: 0 | AH39: 0.277 | AI39: 0 | AJ39: 0 | AK39: 1.614 | AL39: 1.961 | AM39: 0 | AN39: 0 | AO39: 0 | AP39: 0 | AQ39: 0 | AR39: 0.994 | AS39: 0 | AT39: 14.486 | AU39: 2.237

Sheet Hazard exposure
A1: ISO2 | B1: Name | C1: geotechnical | D1: meteorological | E1: hydrological | F1: Climatological (other) | G1: climatological (heatwaves)
A2: =+Country_year!A2 -> AL | B2: Albania | C2: =+Coutry_type!C2/SUM(Coutry_type!$C2:$G2) -> 0.73523534 | D2: =+Coutry_type!D2/SUM(Coutry_type!$C2:$G2) -> 0.0053292906 | E2: =+Coutry_type!E2/SUM(Coutry_type!$C2:$G2) -> 0.22098104 | F2: =+Coutry_type!F2/SUM(Coutry_type!$C2:$G2) -> 0.038454327 | G2: =+Coutry_type!G2/SUM(Coutry_type!$C2:$G2) -> 0
A3: AT | B3: Austria | C3: =+Coutry_type!C3/SUM(Coutry_type!$C3:$G3) -> 0.0038404578 | D3: =+Coutry_type!D3/SUM(Coutry_type!$C3:$G3) -> 0.21163514 | E3: =+Coutry_type!E3/SUM(Coutry_type!$C3:$G3) -> 0.61306563 | F3: =+Coutry_type!F3/SUM(Coutry_type!$C3:$G3) -> 0.085955264 | G3: =+Coutry_type!G3/SUM(Coutry_type!$C3:$G3) -> 0.085503505
A4: BA | B4: Bosnia and Herzegovina | C4: =+Coutry_type!C4/SUM(Coutry_type!$C4:$G4) -> 0.011886328 | D4: =+Coutry_type!D4/SUM(Coutry_type!$C4:$G4) -> 0.00014709199 | E4: =+Coutry_type!E4/SUM(Coutry_type!$C4:$G4) -> 0.50735229 | F4: =+Coutry_type!F4/SUM(Coutry_type!$C4:$G4) -> 0.0038121804 | G4: =+Coutry_type!G4/SUM(Coutry_type!$C4:$G4) -> 0.47680211
A5: BE | B5: Belgium | C5: =+Coutry_type!C5/SUM(Coutry_type!$C5:$G5) -> 0.0079147169 | D5: =+Coutry_type!D5/SUM(Coutry_type!$C5:$G5) -> 0.31727408 | E5: =+Coutry_type!E5/SUM(Coutry_type!$C5:$G5) -> 0.65934563 | F5: =+Coutry_type!F5/SUM(Coutry_type!$C5:$G5) -> 0 | G5: =+Coutry_type!G5/SUM(Coutry_type!$C5:$G5) -> 0.015465572
A6: BG | B6: Bulgaria | C6: =+Coutry_type!C6/SUM(Coutry_type!$C6:$G6) -> 0.014775934 | D6: =+Coutry_type!D6/SUM(Coutry_type!$C6:$G6) -> 0.11646712 | E6: =+Coutry_type!E6/SUM(Coutry_type!$C6:$G6) -> 0.85473344 | F6: =+Coutry_type!F6/SUM(Coutry_type!$C6:$G6) -> 0.01399611 | G6: =+Coutry_type!G6/SUM(Coutry_type!$C6:$G6) -> 2.7403438e-05
A7: CH | B7: Switzerland | C7: =+Coutry_type!C7/SUM(Coutry_type!$C7:$G7) -> 0.068741803 | D7: =+Coutry_type!D7/SUM(Coutry_type!$C7:$G7) -> 0.39607336 | E7: =+Coutry_type!E7/SUM(Coutry_type!$C7:$G7) -> 0.51665557 | F7: =+Coutry_type!F7/SUM(Coutry_type!$C7:$G7) -> 0.00040133717 | G7: =+Coutry_type!G7/SUM(Coutry_type!$C7:$G7) -> 0.018127922
A8: CY | B8: Cyprus | C8: =+Coutry_type!C8/SUM(Coutry_type!$C8:$G8) -> 0.048320617 | D8: =+Coutry_type!D8/SUM(Coutry_type!$C8:$G8) -> 0.090680461 | E8: =+Coutry_type!E8/SUM(Coutry_type!$C8:$G8) -> 0 | F8: =+Coutry_type!F8/SUM(Coutry_type!$C8:$G8) -> 0.013014181 | G8: =+Coutry_type!G8/SUM(Coutry_type!$C8:$G8) -> 0.84798474
A9: CZ | B9: Czechia | C9: =+Coutry_type!C9/SUM(Coutry_type!$C9:$G9) -> 0.0018907739 | D9: =+Coutry_type!D9/SUM(Coutry_type!$C9:$G9) -> 0.13246828 | E9: =+Coutry_type!E9/SUM(Coutry_type!$C9:$G9) -> 0.81067845 | F9: =+Coutry_type!F9/SUM(Coutry_type!$C9:$G9) -> 0.017985936 | G9: =+Coutry_type!G9/SUM(Coutry_type!$C9:$G9) -> 0.036976564
A10: DE | B10: Germany | C10: =+Coutry_type!C10/SUM(Coutry_type!$C10:$G10) -> 0.00025559024 | D10: =+Coutry_type!D10/SUM(Coutry_type!$C10:$G10) -> 0.42635702 | E10: =+Coutry_type!E10/SUM(Coutry_type!$C10:$G10) -> 0.4280671 | F10: =+Coutry_type!F10/SUM(Coutry_type!$C10:$G10) -> 0.028322827 | G10: =+Coutry_type!G10/SUM(Coutry_type!$C10:$G10) -> 0.11699746
A11: DK | B11: Denmark | C11: =+Coutry_type!C11/SUM(Coutry_type!$C11:$G11) -> 0 | D11: =+Coutry_type!D11/SUM(Coutry_type!$C11:$G11) -> 0.65923151 | E11: =+Coutry_type!E11/SUM(Coutry_type!$C11:$G11) -> 0.22033348 | F11: =+Coutry_type!F11/SUM(Coutry_type!$C11:$G11) -> 0 | G11: =+Coutry_type!G11/SUM(Coutry_type!$C11:$G11) -> 0.12043501
A12: EE | B12: Estonia | C12: =+Coutry_type!C12/SUM(Coutry_type!$C12:$G12) -> 0 | D12: =+Coutry_type!D12/SUM(Coutry_type!$C12:$G12) -> 0.9410632 | E12: =+Coutry_type!E12/SUM(Coutry_type!$C12:$G12) -> 0.0027890675 | F12: =+Coutry_type!F12/SUM(Coutry_type!$C12:$G12) -> 0 | G12: =+Coutry_type!G12/SUM(Coutry_type!$C12:$G12) -> 0.056147735
A13: EL | B13: Greece | C13: =+Coutry_type!C13/SUM(Coutry_type!$C13:$G13) -> 0.37279896 | D13: =+Coutry_type!D13/SUM(Coutry_type!$C13:$G13) -> 0.12717354 | E13: =+Coutry_type!E13/SUM(Coutry_type!$C13:$G13) -> 0.22578882 | F13: =+Coutry_type!F13/SUM(Coutry_type!$C13:$G13) -> 0.17976209 | G13: =+Coutry_type!G13/SUM(Coutry_type!$C13:$G13) -> 0.094476602
A14: ES | B14: Spain | C14: =+Coutry_type!C14/SUM(Coutry_type!$C14:$G14) -> 0.022280573 | D14: =+Coutry_type!D14/SUM(Coutry_type!$C14:$G14) -> 0.15314611 | E14: =+Coutry_type!E14/SUM(Coutry_type!$C14:$G14) -> 0.45130983 | F14: =+Coutry_type!F14/SUM(Coutry_type!$C14:$G14) -> 0.12413623 | G14: =+Coutry_type!G14/SUM(Coutry_type!$C14:$G14) -> 0.24912727
... A39: XK | B39: Kosovo* | C39: =+Coutry_type!C39/SUM(Coutry_type!$C39:$G39) -> 0.035043958 | D39: =+Coutry_type!D39/SUM(Coutry_type!$C39:$G39) -> 0.041872828 | E39: =+Coutry_type!E39/SUM(Coutry_type!$C39:$G39) -> 0.92308321 | F39: =+Coutry_type!F39/SUM(Coutry_type!$C39:$G39) -> 0 | G39: =+Coutry_type!G39/SUM(Coutry_type!$C39:$G39) -> 0

Sheet perc_loss
A1: ISO2 | B1: Name | C1: 1980 | D1: 1981 | E1: 1982 | F1: 1983 | G1: 1984 | H1: 1985 | I1: 1986 | J1: 1987 | K1: 1988 | L1: 1989 | M1: 1990 | N1: 1991 | O1: 1992 | P1: 1993 | Q1: 1994 | R1: 1995 | S1: 1996 | T1: 1997 | U1: 1998 | V1: 1999 | W1: 2000 | X1: 2001 | Y1: 2002 | Z1: 2003 | AA1: 2004 | AB1: 2005 | AC1: 2006 | AD1: 2007 | AE1: 2008 | AF1: 2009 | AG1: 2010 | AH1: 2011 | AI1: 2012 | AJ1: 2013 | AK1: 2014 | AL1: 2015 | AM1: 2016 | AN1: 2017 | AO1: 2018 | AP1: 2019 | AQ1: 2020 | AR1: 2021 | AS1: 2022 | AT1: 2023 | AU1: 2024
A2: AL | B2: Albania | C2: 0 | D2: 26.988 | E2: 21.205 | F2: 0 | G2: 0.11 | H2: 0 | I2: 0.083 | J2: 0 | K2: 4.99 | L2: 83.882 | M2: 0 | N2: 0 | O2: 42.556 | P2: 0 | Q2: 0 | R2: 21.559 | S2: 1.025 | T2: 1.238 | U2: 1.163 | V2: 0 | W2: 0 | X2: 0 | Y2: 50.05 | Z2: 0 | AA2: 0.23 | AB2: 13.422 | AC2: 0.763 | AD2: 0.703 | AE2: 0 | AF2: 8.573 | AG2: 153.955 | AH2: 0 | AI2: 0 | AJ2: 0 | AK2: 5.156 | AL2: 0 | AM2: 16.111 | AN2: 78.715 | AO2: 0 | AP2: 1567.576 | AQ2: 0 | AR2: 79.472 | AS2: 1.2 | AT2: 0 | AU2: 0.616
A3: AT | B3: Austria | C3: 0 | D3: 0.212 | E3: 1.849 | F3: 1.742 | G3: 0 | H3: 0 | I3: 0 | J3: 446.17 | K3: 0 | L3: 0.31 | M3: 551.879 | N3: 197.074 | O3: 0.142 | P3: 1.627 | Q3: 3.149 | R3: 5.826 | S3: 6.749 | T3: 331.556 | U3: 0 | V3: 201.249 | W3: 308.939 | X3: 1.045 | Y3: 4486.759 | Z3: 414.77 | AA3: 0.661 | AB3: 938.872 | AC3: 736.244 | AD3: 457.635 | AE3: 625.14 | AF3: 701.027 | AG3: 1699.357 | AH3: 0 | AI3: 26.932 | AJ3: 1182.718 | AK3: 0 | AL3: 0 | AM3: 30.056 | AN3: 1245.868 | AO3: 815.351 | AP3: 630.065 | AQ3: 248.38 | AR3: 868.154 | AS3: 219.994 | AT3: 414.565 | AU3: 2031.507
A4: BA | B4: Bosnia and Herzegovina | C4: 0 | D4: 16.035 | E4: 0 | F4: 0 | G4: 7.946 | H4: 0 | I4: 0 | J4: 0 | K4: 0.215 | L4: 11.249 | M4: 5.211 | N4: 0 | O4: 0 | P4: 0 | Q4: 0 | R4: 0 | S4: 0 | T4: 0 | U4: 0 | V4: 0 | W4: 387.459 | X4: 0 | Y4: 0 | Z4: 442.598 | AA4: 24.39 | AB4: 0 | AC4: 0 | AD4: 0 | AE4: 0 | AF4: 0.114 | AG4: 487.856 | AH4: 0.071 | AI4: 1531.569 | AJ4: 2.078 | AK4: 1733.95 | AL4: 215.385 | AM4: 0 | AN4: 0 | AO4: 0 | AP4: 22.109 | AQ4: 15.842 | AR4: 0.528 | AS4: 32.052 | AT4: 10.596 | AU4: 457.528
A5: BE | B5: Belgium | C5: 0 | D5: 0 | E5: 0 | F5: 146.826 | G5: 0 | H5: 0 | I5: 0 | J5: 0 | K5: 0 | L5: 0 | M5: 1510.549 | N5: 0 | O5: 0 | P5: 22.76 | Q5: 30.844 | R5: 133.153 | S5: 4.206 | T5: 0 | U5: 15.374 | V5: 84.74 | W5: 0.987 | X5: 1.028 | Y5: 8.09 | Z5: 0.768 | AA5: 0.709 | AB5: 77.764 | AC5: 0 | AD5: 502.586 | AE5: 42.385 | AF5: 0 | AG5: 605.672 | AH5: 98.242 | AI5: 0 | AJ5: 0.249 | AK5: 783.258 | AL5: 38.908 | AM5: 318.733 | AN5: 31.56 | AO5: 256.712 | AP5: 296.038 | AQ5: 616.864 | AR5: 11653.026 | AS5: 945.751 | AT5: 121.135 | AU5: 202.094
A6: BG | B6: Bulgaria | C6: 0 | D6: 0 | E6: 0 | F6: 0 | G6: 0 | H6: 0 | I6: 62.017 | J6: 0 | K6: 0 | L6: 0 | M6: 2.024 | N6: 644.312 | O6: 0 | P6: 0 | Q6: 0 | R6: 0 | S6: 27.452 | T6: 2.789 | U6: 2.906 | V6: 10.05 | W6: 64.077 | X6: 0 | Y6: 3.099 | Z6: 5.016 | AA6: 1.265 | AB6: 2588.069 | AC6: 1.235 | AD6: 4.015 | AE6: 0 | AF6: 0.106 | AG6: 0 | AH6: 0 | AI6: 24.535 | AJ6: 6.572 | AK6: 1421.449 | AL6: 1293.769 | AM6: 0 | AN6: 142.59 | AO6: 0 | AP6: 0 | AQ6: 6.839 | AR6: 2.221 | AS6: 42.471 | AT6: 24.802 | AU6: 2.38
A7: HR | B7: Croatia | C7: 0 | D7: 0 | E7: 0.158 | F7: 0 | G7: 0 | H7: 0 | I7: 0 | J7: 0 | K7: 0 | L7: 0 | M7: 0 | N7: 0 | O7: 0 | P7: 0 | Q7: 0 | R7: 0.127 | S7: 19.454 | T7: 0 | U7: 18 | V7: 0 | W7: 566.56 | X7: 0 | Y7: 5.347 | Z7: 917.82 | AA7: 29.804 | AB7: 8.44 | AC7: 0.708 | AD7: 0 | AE7: 0 | AF7: 0 | AG7: 779.669 | AH7: 0 | AI7: 205.353 | AJ7: 10.477 | AK7: 809.422 | AL7: 211.868 | AM7: 4.47 | AN7: 190.887 | AO7: 361.229 | AP7: 0 | AQ7: 1338.151 | AR7: 0 | AS7: 382.809 | AT7: 159.959 | AU7: 18.902
A8: CY | B8: Cyprus | C8: 0 | D8: 0 | E8: 0 | F8: 0 | G8: 0.191 | H8: 0 | I8: 0 | J8: 0 | K8: 25.195 | L8: 0 | M8: 0 | N8: 0 | O8: 0 | P8: 0 | Q8: 0 | R8: 12.078 | S8: 10.805 | T8: 0 | U8: 0 | V8: 0.232 | W8: 0 | X8: 0 | Y8: 0 | Z8: 13.36 | AA8: 0 | AB8: 0 | AC8: 0 | AD8: 0 | AE8: 191.149 | AF8: 3.034 | AG8: 0 | AH8: 0 | AI8: 0 | AJ8: 0 | AK8: 0 | AL8: 0 | AM8: 217.851 | AN8: 0 | AO8: 0 | AP8: 0 | AQ8: 0 | AR8: 5.813 | AS8: 0 | AT8: 0.773 | AU8: 1.839
A9: CZ | B9: Czechia | C9: 0 | D9: 899.67 | E9: 0 | F9: 0 | G9: 0 | H9: 19.126 | I9: 0 | J9: 97.746 | K9: 15.604 | L9: 0 | M9: 0 | N9: 0 | O9: 11.023 | P9: 0 | Q9: 0 | R9: 0 | S9: 95.681 | T9: 5792.022 | U9: 136.997 | V9: 0 | W9: 1034.187 | X9: 54.712 | Y9: 5424.139 | Z9: 0 | AA9: 0 | AB9: 0 | AC9: 679.114 | AD9: 278.985 | AE9: 53.379 | AF9: 535.729 | AG9: 873.047 | AH9: 0 | AI9: 51.196 | AJ9: 1111.898 | AK9: 18.667 | AL9: 0 | AM9: 69.725 | AN9: 744.533 | AO9: 158.794 | AP9: 0 | AQ9: 183.148 | AR9: 686.894 | AS9: 79.34 | AT9: 21.595 | AU9: 2624.989
A10: DK | B10: Denmark | C10: 0 | D10: 849.529 | E10: 0 | F10: 0 | G10: 0 | H10: 0 | I10: 0 | J10: 0 | K10: 0 | L10: 0 | M10: 314.456 | N10: 0.311 | O10: 1125.694 | P10: 10.177 | Q10: 0 | R10: 5.308 | S10: 0 | T10: 0 | U10: 0 | V10: 4257.724 | W10: 97.927 | X10: 0 | Y10: 0 | Z10: 0 | AA10: 0.611 | AB10: 6.062 | AC10: 66.885 | AD10: 106.563 | AE10: 0 | AF10: 0 | AG10: 119.337 | AH10: 922.615 | AI10: 0 | AJ10: 1046.345 | AK10: 91.144 | AL10: 0 | AM10: 0 | AN10: 0 | AO10: 91.119 | AP10: 0 | AQ10: 61.83 | AR10: 0 | AS10: 4.473 | AT10: 168.79 | AU10: 0
A11: EE | B11: Estonia | C11: 0 | D11: 0 | E11: 0 | F11: 0 | G11: 0 | H11: 0 | I11: 0 | J11: 0 | K11: 0 | L11: 0 | M11: 0 | N11: 0 | O11: 0 | P11: 0 | Q11: 0 | R11: 0 | S11: 0 | T11: 0 | U11: 0 | V11: 0 | W11: 16.231 | X11: 0 | Y11: 0 | Z11: 20.751 | AA11: 0 | AB11: 251.522 | AC11: 0 | AD11: 0 | AE11: 0 | AF11: 0 | AG11: 59.635 | AH11: 0 | AI11: 0 | AJ11: 0 | AK11: 0 | AL11: 0 | AM11: 0 | AN11: 0 | AO11: 0 | AP11: 0 | AQ11: 0 | AR11: 0 | AS11: 0 | AT11: 3.95 | AU11: 0
A12: FI | B12: Finland | C12: 0 | D12: 0 | E12: 0 | F12: 0 | G12: 371.621 | H12: 0 | I12: 0 | J12: 1362.486 | K12: 0.532 | L12: 0 | M12: 7.293 | N12: 0 | O12: 0 | P12: 0 | Q12: 0 | R12: 0 | S12: 0 | T12: 0 | U12: 0 | V12: 0 | W12: 0 | X12: 22.485 | Y12: 0 | Z12: 0 | AA12: 2.308 | AB12: 156.495 | AC12: 0.64 | AD12: 30.903 | AE12: 0 | AF12: 0 | AG12: 153.864 | AH12: 158.127 | AI12: 7.612 | AJ12: 0 | AK12: 0 | AL12: 0 | AM12: 0 | AN12: 0 | AO12: 0 | AP12: 0 | AQ12: 98.231 | AR12: 49.845 | AS12: 0 | AT12: 0 | AU12: 0
... A39: XK | B39: Kosovo* | C39: 0 | D39: 0 | E39: 0 | F39: 0 | G39: 0 | H39: 0 | I39: 0 | J39: 0 | K39: 0 | L39: 0 | M39: 0 | N39: 0 | O39: 0 | P39: 0 | Q39: 0 | R39: 0 | S39: 0 | T39: 0 | U39: 0 | V39: 0 | W39: 0 | X39: 0 | Y39: 2.886 | Z39: 0 | AA39: 0 | AB39: 0 | AC39: 0 | AD39: 0 | AE39: 0 | AF39: 0 | AG39: 0 | AH39: 0.277 | AI39: 0 | AJ39: 0 | AK39: 1.614 | AL39: 1.961 | AM39: 0 | AN39: 0 | AO39: 0 | AP39: 0 | AQ39: 0 | AR39: 0.994 | AS39: 0 | AT39: 14.486 | AU39: 2.237
